Symbol,Security,GICS Sector,GICS Sub Industry,Date first added,CIK,Founded,HQ City,HQ State
MMM,3M Company,Industrials,Industrial Conglomerates,0,66740,1902,St. Paul, Minnesota
ABT,Abbott Laboratories,Health Care,Health Care Equipment,1964-03-31,1800,1888,North Chicago, Illinois
ABBV,AbbVie Inc.,Health Care,Pharmaceuticals,2012-12-31,1551152,2013 (1888),North Chicago, Illinois
ABMD,ABIOMED Inc,Health Care,Health Care Equipment,2018-05-31,815094,1981,Danvers, Massachusetts
ACN,Accenture plc,Information Technology,IT Consulting & Other Services,2011-07-06,1467373,1989,Dublin, Ireland
ATVI,Activision Blizzard,Communication Services,Interactive Home Entertainment,2015-08-31,718877,2008,Santa Monica, California
ADBE,Adobe Systems Inc,Information Technology,Application Software,1997-05-05,796343,1982,San Jose, California
AMD,Advanced Micro Devices Inc,Information Technology,Semiconductors,2017-03-20,2488,1969,Sunnyvale, California
AAP,Advance Auto Parts,Consumer Discretionary,Automotive Retail,2015-07-09,1158449,1932,Raleigh, North Carolina
AES,AES Corp,Utilities,Independent Power Producers & Energy Traders,1998-10-02,874761,1981,Arlington, Virginia
AMG,Affiliated Managers Group Inc,Financials,Asset Management & Custody Banks,2014-07-01,1004434,1993,West Palm Beach, Florida
AFL,AFLAC Inc,Financials,Life & Health Insurance,1999-05-28,4977,1955,Columbus, Georgia
A,Agilent Technologies Inc,Health Care,Health Care Equipment,2000-06-05,1090872,1999,Santa Clara, California
APD,Air Products & Chemicals Inc,Materials,Industrial Gases,1985-04-30,2969,1940,Allentown, Pennsylvania
AKAM,Akamai Technologies Inc,Information Technology,Internet Services & Infrastructure,2007-07-12,1086222,1998,Cambridge, Massachusetts
ALK,Alaska Air Group Inc,Industrials,Airlines,2016-05-13,766421,1985,Seattle, Washington
ALB,Albemarle Corp,Materials,Specialty Chemicals,2016-07-01,915913,1994,Charlotte, North Carolina
ARE,Alexandria Real Estate Equities,Real Estate,Office REITs,2017-03-20,1035443,1994,Pasadena, California
ALXN,Alexion Pharmaceuticals,Health Care,Biotechnology,2012-05-25,899866,1992,Boston, Massachusetts
ALGN,Align Technology,Health Care,Health Care Supplies,2017-06-19,1097149,1997,San Jose, California
ALLE,Allegion,Industrials,Building Products,2013-12-02,1579241,1908,Dublin, Ireland
AGN,"Allergan, Plc",Health Care,Pharmaceuticals,1999-04-12,1578845,1983,Dublin, Ireland
ADS,Alliance Data Systems,Information Technology,Data Processing & Outsourced Services,2013-12-23,1101215,1996,Plano, Texas
LNT,Alliant Energy Corp,Utilities,Electric Utilities,2016-07-01,352541,1917,Madison, Wisconsin
ALL,Allstate Corp,Financials,Property & Casualty Insurance,1995-07-13,899051,1931,Northfield Township, Illinois
GOOGL,Alphabet Inc Class A,Communication Services,Interactive Media & Services,2014-04-03,1652044,1998,Mountain View, California
GOOG,Alphabet Inc Class C,Communication Services,Interactive Media & Services,2006-04-03,1652044,1998,Mountain View, California
MO,Altria Group Inc,Consumer Staples,Tobacco,0,764180,1985,Richmond, Virginia
AMZN,Amazon.com Inc.,Consumer Discretionary,Internet & Direct Marketing Retail,2005-11-18,1018724,1994,Seattle, Washington
AMCR,Amcor plc,Materials,Paper Packaging,2019-06-07,1748790,0,Warmley," Bristol, United Kingdom"
AEE,Ameren Corp,Utilities,Multi-Utilities,1991-09-19,1002910,1902,St. Louis, Missouri
AAL,American Airlines Group,Industrials,Airlines,2015-03-23,6201,1934,Fort Worth, Texas
AEP,American Electric Power,Utilities,Electric Utilities,0,4904,1906,Columbus, Ohio
AXP,American Express Co,Financials,Consumer Finance,1976-06-30,4962,1850,New York, New York
AIG,American International Group,Financials,Property & Casualty Insurance,1980-03-31,5272,1919,New York, New York
AMT,American Tower Corp.,Real Estate,Specialized REITs,2007-11-19,1053507,1995,Boston, Massachusetts
AWK,American Water Works Company Inc,Utilities,Water Utilities,2016-03-04,1410636,1886,Voorhees, New Jersey
AMP,Ameriprise Financial,Financials,Asset Management & Custody Banks,2005-10-03,820027,1894,Minneapolis, Minnesota
ABC,AmerisourceBergen Corp,Health Care,Health Care Distributors,2001-08-30,1140859,1985,Chesterbrook, Pennsylvania
AME,AMETEK Inc.,Industrials,Electrical Components & Equipment,2013-09-23,1037868,1930,Berwyn, Pennsylvania
AMGN,Amgen Inc.,Health Care,Biotechnology,1992-01-02,318154,1980,Thousand Oaks, California
APH,Amphenol Corp,Information Technology,Electronic Components,2008-09-30,820313,1932,Wallingford, Connecticut
ADI,"Analog Devices, Inc.",Information Technology,Semiconductors,1999-10-12,6281,1965,Norwood, Massachusetts
ANSS,ANSYS,Information Technology,Application Software,2017-06-19,1013462,1969,Canonsburg, Pennsylvania
ANTM,Anthem,Health Care,Managed Health Care,2002-07-25,1156039,2014 (1940s),Indianapolis, Indiana
AON,Aon plc,Financials,Insurance Brokers,1996-04-23,315293,1982 (1919),London, United Kingdom
AOS,A.O. Smith Corp,Industrials,Building Products,2017-07-26,91142,1916,Milwaukee, Wisconsin
APA,Apache Corporation,Energy,Oil & Gas Exploration & Production,1997-07-28,6769,1954,Houston, Texas
AIV,Apartment Investment & Management,Real Estate,Residential REITs,2003-03-14,922864,1994 (1975),Denver, Colorado
AAPL,Apple Inc.,Information Technology,"Technology Hardware, Storage & Peripherals",1982-11-30,320193,1977,Cupertino, California
AMAT,Applied Materials Inc.,Information Technology,Semiconductor Equipment,1995-03-16,6951,1967,Santa Clara, California
APTV,Aptiv Plc,Consumer Discretionary,Auto Parts & Equipment,2012-12-24,1521332,1994,Gillingham," Kent, United Kingdom"
ADM,Archer-Daniels-Midland Co,Consumer Staples,Agricultural Products,1981-07-29,7084,1902,Chicago, Illinois
ARNC,Arconic Inc.,Industrials,Aerospace & Defense,1964-03-31,4281,2016,New York, New York
ANET,Arista Networks,Information Technology,Communications Equipment,2018-08-28,1596532,2004,Santa Clara, California
AJG,Arthur J. Gallagher & Co.,Financials,Insurance Brokers,2016-05-31,354190,0,Itasca, Illinois
AIZ,Assurant,Financials,Multi-line Insurance,2007-04-10,1267238,0,New York, New York
ATO,Atmos Energy Corp,Utilities,Gas Utilities,2019-02-15,731802,1906,Dallas, Texas
T,AT&T Inc.,Communication Services,Integrated Telecommunication Services,1983-11-30,732717,1983,Dallas, Texas
ADSK,Autodesk Inc.,Information Technology,Application Software,1989-12-01,769397,0,San Rafael, California
ADP,Automatic Data Processing,Information Technology,Internet Services & Infrastructure,1981-03-31,8670,0,Roseland, New Jersey
AZO,AutoZone Inc,Consumer Discretionary,Specialty Stores,1997-01-02,866787,0,Memphis, Tennessee
AVB,"AvalonBay Communities, Inc.",Real Estate,Residential REITs,2007-01-10,915912,0,Arlington, Virginia[3]
AVY,Avery Dennison Corp,Materials,Paper Packaging,1987-12-31,8818,0,Glendale, California
BHGE,"Baker Hughes, a GE Company",Energy,Oil & Gas Equipment & Services,0,1701605,2017,Houston, Texas
BLL,Ball Corp,Materials,Metal & Glass Containers,1984-10-31,9389,0,Broomfield, Colorado
BAC,Bank of America Corp,Financials,Diversified Banks,1976-06-30,70858,0,Charlotte, North Carolina
BK,The Bank of New York Mellon Corp.,Financials,Asset Management & Custody Banks,1995-03-31,1390777,0,New York, New York
BAX,Baxter International Inc.,Health Care,Health Care Equipment,1972-09-30,10456,1931,Deerfield, Illinois
BBT,BB&T Corporation,Financials,Regional Banks,1997-12-04,92230,0,Winston-Salem, North Carolina
BDX,Becton Dickinson,Health Care,Health Care Equipment,1972-09-30,10795,1897,Franklin Lakes, New Jersey
BRK.B,Berkshire Hathaway,Financials,Multi-Sector Holdings,2010-02-16,1067983,0,Omaha, Nebraska
BBY,Best Buy Co. Inc.,Consumer Discretionary,Computer & Electronics Retail,1999-06-29,764478,0,Richfield, Minnesota
BIIB,Biogen Inc.,Health Care,Biotechnology,2003-11-13,875045,0,Cambridge, Massachusetts
BLK,BlackRock,Financials,Asset Management & Custody Banks,2011-04-04,1364742,0,New York, New York
HRB,Block H&R,Consumer Discretionary,Specialized Consumer Services,1986-11-30,12659,0,Kansas City, Missouri
BA,Boeing Company,Industrials,Aerospace & Defense,0,12927,1916,Chicago, Illinois
BKNG,Booking Holdings Inc,Consumer Discretionary,Internet & Direct Marketing Retail,2009-11-06,1075531,0,Norwalk, Connecticut
BWA,BorgWarner,Consumer Discretionary,Auto Parts & Equipment,2011-12-19,908255,0,Auburn Hills, Michigan
BXP,Boston Properties,Real Estate,Office REITs,2006-04-03,1037540,0,Boston, Massachusetts
BSX,Boston Scientific,Health Care,Health Care Equipment,1995-02-24,885725,0,Marlborough, Massachusetts[4]
BMY,Bristol-Myers Squibb,Health Care,Health Care Distributors,0,14272,1989,New York, New York
AVGO,Broadcom Inc.,Information Technology,Semiconductors,2014-05-08,1730168,0,San Jose, California
BR,Broadridge Financial Solutions,Information Technology,Data Processing & Outsourced Services,2018-06-18,1383312,1962,Lake Success, New York
BF.B,Brown-Forman Corp.,Consumer Staples,Distillers & Vintners,1982-10-31,14693,0,Louisville, Kentucky
CHRW,C. H. Robinson Worldwide,Industrials,Air Freight & Logistics,2007-03-02,1043277,0,Eden Prairie, Minnesota
COG,Cabot Oil & Gas,Energy,Oil & Gas Exploration & Production,2008-06-23,858470,0,Houston, Texas
CDNS,Cadence Design Systems,Information Technology,Application Software,2017-09-18,813672,0,San Jose, California
CPB,Campbell Soup,Consumer Staples,Packaged Foods & Meats,0,16732,1869,Camden, New Jersey
COF,Capital One Financial,Financials,Consumer Finance,1998-07-01,927628,1935,Tysons Corner, Virginia
CPRI,Capri Holdings,Consumer Discretionary,"Apparel, Accessories & Luxury Goods",2013-11-13,1530721,0,New York, New York
CAH,Cardinal Health Inc.,Health Care,Health Care Distributors,1997-05-27,721371,0,Dublin, Ohio
KMX,Carmax Inc,Consumer Discretionary,Specialty Stores,2010-06-28,1170010,0,Richmond, Virginia
CCL,Carnival Corp.,Consumer Discretionary,"Hotels, Resorts & Cruise Lines",1998-12-22,815097,0,Miami, Florida
CAT,Caterpillar Inc.,Industrials,Construction Machinery & Heavy Trucks,0,18230,1925,Deerfield, Illinois
CBOE,Cboe Global Markets,Financials,Financial Exchanges & Data,2017-03-01,1374310,0,Chicago, Illinois
CBRE,CBRE Group,Real Estate,Real Estate Services,2006-11-10,1138118,0,Los Angeles, California
CBS,CBS Corp.,Communication Services,Broadcasting,1994-09-01,813828,2006,New York, New York
CE,Celanese,Materials,Specialty Chemicals,2018-12-24,1306830,0,Irving, Texas
CELG,Celgene Corp.,Health Care,Biotechnology,2006-11-06,816284,0,Summit, New Jersey
CNC,Centene Corporation,Health Care,Managed Health Care,2016-03-30,1071739,0,St Louis, Missouri
CNP,CenterPoint Energy,Utilities,Multi-Utilities,1985-07-31,1130310,0,Houston, Texas
CTL,CenturyLink Inc,Communication Services,Integrated Telecommunication Services,1999-03-25,18926,0,Monroe, Louisiana
CERN,Cerner,Health Care,Health Care Technology,2010-04-30,804753,0,North Kansas City, Missouri
CF,CF Industries Holdings Inc,Materials,Fertilizers & Agricultural Chemicals,2008-08-27,1324404,0,Deerfield, Illinois
SCHW,Charles Schwab Corporation,Financials,Investment Banking & Brokerage,1997-06-02,316709,0,San Francisco, California
CHTR,Charter Communications,Communication Services,Cable & Satellite,2016-09-08,1091667,0,Stamford, Connecticut
CVX,Chevron Corp.,Energy,Integrated Oil & Gas,0,93410,1879,San Ramon, California
CMG,Chipotle Mexican Grill,Consumer Discretionary,Restaurants,2011-04-28,1058090,0,Newport Beach, California
CB,Chubb Limited,Financials,Property & Casualty Insurance,2010-07-15,896159,0,Zurich, Switzerland
CHD,Church & Dwight,Consumer Staples,Household Products,2015-12-29,313927,0,Ewing, New Jersey
CI,CIGNA Corp.,Health Care,Managed Health Care,1976-06-30,701221,0,Bloomfield, Connecticut
XEC,Cimarex Energy,Energy,Oil & Gas Exploration & Production,2014-06-21,1168054,0,Denver, Colorado
CINF,Cincinnati Financial,Financials,Property & Casualty Insurance,1997-12-18,20286,0,Fairfield, Ohio
CTAS,Cintas Corporation,Industrials,Diversified Support Services,2001-03-01,723254,0,Mason, Ohio
CSCO,Cisco Systems,Information Technology,Communications Equipment,1993-12-01,858877,0,San Jose, California
C,Citigroup Inc.,Financials,Diversified Banks,1988-05-31,831001,0,New York, New York
CFG,Citizens Financial Group,Financials,Regional Banks,2016-01-29,759944,0,Providence, Rhode Island
CTXS,Citrix Systems,Information Technology,Application Software,1999-12-01,877890,0,Fort Lauderdale, Florida
CLX,The Clorox Company,Consumer Staples,Household Products,1969-03-31,21076,1913,Oakland, California
CME,CME Group Inc.,Financials,Financial Exchanges & Data,2006-08-11,1156375,0,Chicago, Illinois
CMS,CMS Energy,Utilities,Multi-Utilities,1999-05-03,811156,0,Jackson, Michigan
KO,Coca-Cola Company,Consumer Staples,Soft Drinks,0,21344,1886,Atlanta, Georgia
CTSH,Cognizant Technology Solutions,Information Technology,IT Consulting & Other Services,2006-11-17,1058290,0,Teaneck, New Jersey
CL,Colgate-Palmolive,Consumer Staples,Household Products,0,21665,1806,New York, New York
CMCSA,Comcast Corp.,Communication Services,Cable & Satellite,2015-09-18,1166691,0,Philadelphia, Pennsylvania
CMA,Comerica Inc.,Financials,Diversified Banks,1995-12-01,28412,0,Dallas, Texas
CAG,Conagra Brands,Consumer Staples,Packaged Foods & Meats,1983-08-31,23217,0,Chicago, Illinois
CXO,Concho Resources,Energy,Oil & Gas Exploration & Production,2016-02-22,1358071,0,Midland, Texas
COP,ConocoPhillips,Energy,Oil & Gas Exploration & Production,0,1163165,2002,Houston, Texas
ED,Consolidated Edison,Utilities,Electric Utilities,0,1047862,1823,New York, New York
STZ,Constellation Brands,Consumer Staples,Distillers & Vintners,2005-07-01,16918,0,Victor, New York
COO,The Cooper Companies,Health Care,Health Care Supplies,2016-09-23,711404,0,Pleasanton, California
CPRT,Copart Inc,Industrials,Diversified Support Services,2018-07-02,900075,0,Dallas, Texas
GLW,Corning Inc.,Information Technology,Electronic Components,0,24741,1851,Corning, New York
CTVA,Corteva,Materials,Fertilizers & Agricultural Chemicals,2019-06-03,1755672,2019,Wilmington, Delaware
COST,Costco Wholesale Corp.,Consumer Staples,Hypermarkets & Super Centers,1993-10-01,909832,0,Issaquah, Washington
COTY,"Coty, Inc",Consumer Staples,Personal Products,2016-10-03,1024305,0,New York, New York
CCI,Crown Castle International Corp.,Real Estate,Specialized REITs,2012-03-14,1051470,0,Houston, Texas
CSX,CSX Corp.,Industrials,Railroads,1967-09-30,277948,1980,Jacksonville, Florida
CMI,Cummins Inc.,Industrials,Industrial Machinery,1965-03-31,26172,1919,Columbus, Indiana
CVS,CVS Health,Health Care,Health Care Services,0,64803,1996,Woonsocket, Rhode Island
DHI,D. R. Horton,Consumer Discretionary,Homebuilding,0,882184,1978,Fort Worth, Texas
DHR,Danaher Corp.,Health Care,Health Care Equipment,0,313616,1969,Washington, D.C.
DRI,Darden Restaurants,Consumer Discretionary,Restaurants,0,940944,1938,Orlando, Florida
DVA,DaVita Inc.,Health Care,Health Care Facilities,2008-07-31,927066,0,Denver, Colorado
DE,Deere & Co.,Industrials,Agricultural & Farm Machinery,0,315189,1837,Moline, Illinois
DAL,Delta Air Lines Inc.,Industrials,Airlines,2013-09-11,27904,0,Atlanta, Georgia
XRAY,Dentsply Sirona,Health Care,Health Care Supplies,2008-11-14,818479,0,York, Pennsylvania
DVN,Devon Energy,Energy,Oil & Gas Exploration & Production,2000-08-30,1090012,0,Oklahoma City, Oklahoma
FANG,Diamondback Energy,Energy,Oil & Gas Exploration & Production,2018-12-03,1539838,2007,Midland, Texas
DLR,Digital Realty Trust Inc,Real Estate,Specialized REITs,2016-05-18,1297996,0,San Francisco, California
DFS,Discover Financial Services,Financials,Consumer Finance,2007-07-02,1393612,0,Riverwoods, Illinois
DISCA,Discovery Inc. Class A,Communication Services,Broadcasting,2010-03-01,1437107,0,Silver Spring, Maryland
DISCK,Discovery Inc. Class C,Communication Services,Broadcasting,2014-08-07,1437107,0,Silver Spring, Maryland
DISH,Dish Network,Communication Services,Cable & Satellite,2017-03-13,1001082,0,Meridian, Colorado
DG,Dollar General,Consumer Discretionary,General Merchandise Stores,2012-12-03,29534,0,Goodlettsville, Tennessee
DLTR,Dollar Tree,Consumer Discretionary,General Merchandise Stores,2011-12-19,935703,0,Chesapeake, Virginia
D,Dominion Energy,Utilities,Electric Utilities,0,715957,1983,Richmond, Virginia
DOV,Dover Corp.,Industrials,Industrial Machinery,1985-10-31,29905,0,Downers Grove, Illinois
DOW,Dow Inc.,Materials,Commodity Chemicals,2019-04-01,1751788,2019,Midland, Michigan
DTE,DTE Energy Co.,Utilities,Multi-Utilities,0,936340,1995,Detroit, Michigan
DUK,Duke Energy,Utilities,Electric Utilities,1976-06-30,1326160,0,Charlotte, North Carolina
DRE,Duke Realty Corp,Real Estate,Industrial REITs,2017-07-26,783280,0,Indianapolis, Indiana
DD,DuPont de Nemours Inc,Materials,Specialty Chemicals,0,1666700,2017,Midland, Michigan
DXC,DXC Technology,Information Technology,IT Consulting & Other Services,2017-04-04,1688568,0,Tysons Corner, Virginia
ETFC,E*Trade,Financials,Investment Banking & Brokerage,2004-03-31,1015780,0,New York, New York
EMN,Eastman Chemical,Materials,Diversified Chemicals,1994-01-01,915389,0,Kingsport, Tennessee
ETN,Eaton Corporation,Industrials,Electrical Components & Equipment,0,1551182,1911,Dublin, Ireland
EBAY,eBay Inc.,Consumer Discretionary,Internet & Direct Marketing Retail,0,1065088,1995,San Jose, California
ECL,Ecolab Inc.,Materials,Specialty Chemicals,1989-01-31,31462,0,St. Paul, Minnesota
EIX,Edison Int'l,Utilities,Electric Utilities,0,827052,1886,Rosemead, California
EW,Edwards Lifesciences,Health Care,Health Care Equipment,2011-04-01,1099800,0,Irvine, California
EA,Electronic Arts,Communication Services,Interactive Home Entertainment,2002-07-22,712515,0,Redwood City, California
EMR,Emerson Electric Company,Industrials,Electrical Components & Equipment,1965-03-31,32604,1890,Ferguson, Missouri
ETR,Entergy Corp.,Utilities,Electric Utilities,0,65984,1913,New Orleans, Louisiana
EOG,EOG Resources,Energy,Oil & Gas Exploration & Production,2000-11-02,821189,0,Houston, Texas
EFX,Equifax Inc.,Industrials,Research & Consulting Services,1997-06-19,33185,0,Atlanta, Georgia
EQIX,Equinix,Real Estate,Specialized REITs,2015-03-20,1101239,0,Redwood City, California
EQR,Equity Residential,Real Estate,Residential REITs,2001-12-03,906107,0,Chicago, Illinois
ESS,"Essex Property Trust, Inc.",Real Estate,Residential REITs,2014-04-02,920522,0,Palo Alto, California
EL,Estee Lauder Cos.,Consumer Staples,Personal Products,2006-01-05,1001250,0,New York, New York
EVRG,Evergy,Utilities,Electric Utilities,2018-06-05,1711269,1909,Kansas City, Missouri
ES,Eversource Energy,Utilities,Multi-Utilities,0,72741,1966,Springfield, Massachusetts
RE,Everest Re Group Ltd.,Financials,Reinsurance,2017-06-19,1095073,0,Hamilton, Bermuda
EXC,Exelon Corp.,Utilities,Multi-Utilities,0,1109357,2000,Chicago, Illinois
EXPE,Expedia Group,Consumer Discretionary,Internet & Direct Marketing Retail,2007-10-02,1324424,0,Bellevue, Washington
EXPD,Expeditors,Industrials,Air Freight & Logistics,2007-10-10,746515,0,Seattle, Washington
EXR,Extra Space Storage,Real Estate,Specialized REITs,2016-01-19,1289490,0,Salt Lake City, Utah
XOM,Exxon Mobil Corp.,Energy,Integrated Oil & Gas,0,34088,1999,Irving, Texas
FFIV,F5 Networks,Information Technology,Communications Equipment,2010-12-20,1048695,1996,Seattle, Washington
FB,"Facebook, Inc.",Communication Services,Interactive Media & Services,2013-12-23,1326801,0,Menlo Park, California
FAST,Fastenal Co,Industrials,Building Products,2009-09-15,815556,0,Winona, Minnesota
FRT,Federal Realty Investment Trust,Real Estate,Retail REITs,2016-02-01,34903,0,Rockville, Maryland
FDX,FedEx Corporation,Industrials,Air Freight & Logistics,1980-12-31,1048911,0,Memphis, Tennessee
FIS,Fidelity National Information Services,Information Technology,Data Processing & Outsourced Services,2006-11-10,1136893,0,Jacksonville, Florida
FITB,Fifth Third Bancorp,Financials,Regional Banks,0,35527,1858,Cincinnati, Ohio
FE,FirstEnergy Corp,Utilities,Electric Utilities,0,1031296,1997,Akron, Ohio
FRC,First Republic Bank,Financials,Regional Banks,2019-01-02,1132979,1985,San Francisco, California
FISV,Fiserv Inc,Information Technology,Data Processing & Outsourced Services,2001-04-02,798354,0,Brookfield, Wisconsin
FLT,FleetCor Technologies Inc,Information Technology,Data Processing & Outsourced Services,2018-06-20,1175454,2000,Norcross, Georgia
FLIR,FLIR Systems,Information Technology,Electronic Equipment & Instruments,2009-01-02,354908,0,Wilsonville, Oregon
FLS,Flowserve Corporation,Industrials,Industrial Machinery,2008-10-02,30625,0,Irving, Texas
FMC,FMC Corporation,Materials,Fertilizers & Agricultural Chemicals,2009-08-19,37785,0,Philadelphia, Pennsylvania
F,Ford Motor,Consumer Discretionary,Automobile Manufacturers,0,37996,1903,Dearborn, Michigan
FTNT,Fortinet,Information Technology,Systems Software,2018-10-11,1262039,2000,Sunnyvale, California
FTV,Fortive Corp,Industrials,Industrial Machinery,2016-07-01,1659166,0,Everett, Washington
FBHS,Fortune Brands Home & Security,Industrials,Building Products,2016-06-22,1519751,0,Deerfield, Illinois
FOXA,Fox Corporation Class A,Communication Services,Movies & Entertainment,2013-07-01,1308161,0,New York, New York
FOX,Fox Corporation Class B,Communication Services,Movies & Entertainment,2015-09-18,1308161,0,New York, New York
BEN,Franklin Resources,Financials,Asset Management & Custody Banks,0,38777,1947,San Mateo, California
FCX,Freeport-McMoRan Inc.,Materials,Copper,0,831259,1912,Phoenix, Arizona
GPS,Gap Inc.,Consumer Discretionary,Apparel Retail,1986-08-31,39911,0,San Francisco, California
GRMN,Garmin Ltd.,Consumer Discretionary,Consumer Electronics,2012-12-12,1121788,0,Schaffhausen, Switzerland
IT,Gartner Inc,Information Technology,IT Consulting & Other Services,2017-04-05,749251,0,Stamford, Connecticut
GD,General Dynamics,Industrials,Aerospace & Defense,0,40533,1899,Falls Church, Virginia
GE,General Electric,Industrials,Industrial Conglomerates,0,40545,1892,Boston, Massachusetts
GIS,General Mills,Consumer Staples,Packaged Foods & Meats,1969-03-31,40704,1856,Golden Valley, Minnesota
GM,General Motors,Consumer Discretionary,Automobile Manufacturers,2013-06-06,1467858,0,Detroit, Michigan
GPC,Genuine Parts,Consumer Discretionary,Specialty Stores,1973-12-31,40987,1925,Atlanta, Georgia
GILD,Gilead Sciences,Health Care,Biotechnology,2004-07-01,882095,0,Foster City, California
GL,Globe Life Inc.,Financials,Life & Health Insurance,1989-04-30,320335,0,McKinney, Texas
GPN,Global Payments Inc.,Information Technology,Data Processing & Outsourced Services,2016-04-25,1123360,0,Atlanta, Georgia
GS,Goldman Sachs Group,Financials,Investment Banking & Brokerage,2002-07-22,886982,0,New York, New York
GWW,Grainger (W.W.) Inc.,Industrials,Industrial Machinery,1981-06-30,277135,0,Lake Forest, Illinois
HAL,Halliburton Co.,Energy,Oil & Gas Equipment & Services,0,45012,1919,Houston, Texas
HBI,Hanesbrands Inc,Consumer Discretionary,"Apparel, Accessories & Luxury Goods",2015-03-20,1359841,0,Winston-Salem, North Carolina
HOG,Harley-Davidson,Consumer Discretionary,Motorcycle Manufacturers,0,793952,1903,Milwaukee, Wisconsin
HIG,Hartford Financial Svc.Gp.,Financials,Property & Casualty Insurance,0,874766,0,Hartford, Connecticut
HAS,Hasbro Inc.,Consumer Discretionary,Leisure Products,1984-09-30,46080,0,Pawtucket, Rhode Island
HCA,HCA Healthcare,Health Care,Health Care Facilities,2015-01-27,860730,0,Nashville, Tennessee
HCP,HCP Inc.,Real Estate,Health Care REITs,2008-03-31,765880,0,Long Beach, California
HP,Helmerich & Payne,Energy,Oil & Gas Drilling,2010-03-01,46765,0,Tulsa, Oklahoma[5]
HSIC,Henry Schein,Health Care,Health Care Distributors,2015-03-17,1000228,0,Melville, New York
HSY,The Hershey Company,Consumer Staples,Packaged Foods & Meats,0,47111,1894,Hershey, Pennsylvania
HES,Hess Corporation,Energy,Integrated Oil & Gas,1984-05-31,4447,0,New York, New York
HPE,Hewlett Packard Enterprise,Information Technology,"Technology Hardware, Storage & Peripherals",2015-11-02,1645590,0,Palo Alto, California
HLT,Hilton Worldwide Holdings Inc,Consumer Discretionary,"Hotels, Resorts & Cruise Lines",2017-06-19,1585689,0,Tysons Corner, Virginia
HFC,HollyFrontier Corp,Energy,Oil & Gas Refining & Marketing,2018-06-18,48039,0,Dallas, Texas
HOLX,Hologic,Health Care,Health Care Equipment,2016-03-30,859737,0,Marlborough, Massachusetts
HD,Home Depot,Consumer Discretionary,Home Improvement Retail,1988-03-31,354950,0,Atlanta, Georgia
HON,Honeywell Int'l Inc.,Industrials,Industrial Conglomerates,1964-03-31,773840,1906,Morristown, New Jersey
HRL,Hormel Foods Corp.,Consumer Staples,Packaged Foods & Meats,2009-03-04,48465,0,Austin, Minnesota
HST,Host Hotels & Resorts,Real Estate,Hotel & Resort REITs,2007-03-20,1070750,0,Bethesda, Maryland
HPQ,HP Inc.,Information Technology,"Technology Hardware, Storage & Peripherals",1974-12-31,47217,1939 (2015),Palo Alto, California
HUM,Humana Inc.,Health Care,Managed Health Care,0,49071,1961,Louisville, Kentucky
HBAN,Huntington Bancshares,Financials,Regional Banks,0,49196,1866,Columbus, Ohio
HII,Huntington Ingalls Industries,Industrials,Aerospace & Defense,2018-01-03,1501585,0,Newport News, Virginia
IEX,IDEX Corporation,Industrials,Industrial Machinery,2019-08-09,832101,1988,Lake Forest, Illinois
IDXX,IDEXX Laboratories,Health Care,Health Care Equipment,2017-01-05,874716,0,Westbrook, Maine
INFO,IHS Markit Ltd.,Industrials,Research & Consulting Services,2017-06-02,1598014,0,London, United Kingdom
ITW,Illinois Tool Works,Industrials,Industrial Machinery,1986-02-28,49826,0,Glenview, Illinois
ILMN,Illumina Inc,Health Care,Life Sciences Tools & Services,2015-11-19,1110803,0,San Diego, California
IR,Ingersoll-Rand PLC,Industrials,Industrial Machinery,2010-11-17,1466258,0,Dublin, Ireland
INTC,Intel Corp.,Information Technology,Semiconductors,1976-12-31,50863,0,Santa Clara, California
ICE,Intercontinental Exchange,Financials,Financial Exchanges & Data,2007-09-26,1571949,0,Atlanta, Georgia
IBM,International Business Machines,Information Technology,IT Consulting & Other Services,0,51143,1911,Armonk, New York
INCY,Incyte,Health Care,Biotechnology,2017-02-28,879169,0,Wilmington, Delaware
IP,International Paper,Materials,Paper Packaging,0,51434,1898,Memphis, Tennessee
IPG,Interpublic Group,Communication Services,Advertising,1992-10-01,51644,0,New York, New York
IFF,Intl Flavors & Fragrances,Materials,Specialty Chemicals,1976-03-31,51253,0,New York, New York
INTU,Intuit Inc.,Information Technology,Application Software,2000-12-05,896878,0,Mountain View, California
ISRG,Intuitive Surgical Inc.,Health Care,Health Care Equipment,2008-06-02,1035267,0,Sunnyvale, California
IVZ,Invesco Ltd.,Financials,Asset Management & Custody Banks,2008-08-21,914208,0,Atlanta, Georgia
IPGP,IPG Photonics Corp.,Information Technology,Electronic Manufacturing Services,2018-03-07,1111928,0,Oxford, Massachusetts
IQV,IQVIA Holdings Inc.,Health Care,Life Sciences Tools & Services,2017-08-29,1478242,0,Durham, North Carolina
IRM,Iron Mountain Incorporated,Real Estate,Specialized REITs,2009-01-06,1020569,0,Boston, Massachusetts
JKHY,Jack Henry & Associates,Information Technology,Data Processing & Outsourced Services,2018-11-13,779152,0,Monett, Missouri
JEC,Jacobs Engineering Group,Industrials,Construction & Engineering,2007-10-26,52988,0,Pasadena, California
JBHT,J. B. Hunt Transport Services,Industrials,Trucking,2015-07-01,728535,0,Lowell, Arkansas
JEF,Jefferies Financial Group,Financials,Multi-Sector Holdings,2007-08-27,96223,0,New York, New York
SJM,JM Smucker,Consumer Staples,Packaged Foods & Meats,2008-11-06,91419,0,Orrville, Ohio
JNJ,Johnson & Johnson,Health Care,Pharmaceuticals,1973-06-30,200406,1886,New Brunswick, New Jersey
JCI,Johnson Controls International,Industrials,Building Products,2010-08-27,833444,0,Cork, Ireland
JPM,JPMorgan Chase & Co.,Financials,Diversified Banks,1975-06-30,19617,0,New York, New York
JNPR,Juniper Networks,Information Technology,Communications Equipment,0,1043604,1996,Sunnyvale, California
KSU,Kansas City Southern,Industrials,Railroads,2013-05-24,54480,0,Kansas City, Missouri
K,Kellogg Co.,Consumer Staples,Packaged Foods & Meats,0,55067,1906,Battle Creek, Michigan
KEY,KeyCorp,Financials,Regional Banks,1994-03-01,91576,0,Cleveland, Ohio
KEYS,Keysight Technologies,Information Technology,Electronic Equipment & Instruments,2018-11-06,1601046,2014,Santa Rosa, California
KMB,Kimberly-Clark,Consumer Staples,Household Products,0,55785,1872,Irving, Texas
KIM,Kimco Realty,Real Estate,Retail REITs,2006-04-04,879101,0,New Hyde Park, New York
KMI,Kinder Morgan,Energy,Oil & Gas Storage & Transportation,2012-05-25,1506307,0,Houston, Texas
KLAC,KLA Corporation,Information Technology,Semiconductor Equipment,0,319201,1975/1977 (1997),Milpitas, California
KSS,Kohl's Corp.,Consumer Discretionary,General Merchandise Stores,0,885639,1962,Menomonee Falls, Wisconsin
KHC,Kraft Heinz Co,Consumer Staples,Packaged Foods & Meats,2015-07-06,1637459,0,Chicago," Illinois; Pittsburgh, Pennsylvania"
KR,Kroger Co.,Consumer Staples,Food Retail,0,56873,1883,Cincinnati, Ohio
LB,L Brands Inc.,Consumer Discretionary,Apparel Retail,1983-09-30,701985,0,Columbus, Ohio
LHX,L3Harris Technologies,Industrials,Aerospace & Defense,0,202058,0,Melbourne, Florida
LH,Laboratory Corp. of America Holding,Health Care,Health Care Services,2004-11-01,920148,0,Burlington, North Carolina
LRCX,Lam Research,Information Technology,Semiconductor Equipment,2012-06-29,707549,0,Fremont, California
LW,Lamb Weston Holdings Inc,Consumer Staples,Packaged Foods & Meats,2018-12-03,1679273,0,Eagle, Idaho
LEG,Leggett & Platt,Consumer Discretionary,Home Furnishings,0,58492,1883,Carthage, Missouri
LDOS,Leidos Holdings,Information Technology,IT Consulting & Other Services,2019-08-09,1336920,1969,Reston, Virginia
LEN,Lennar Corp.,Consumer Discretionary,Homebuilding,2005-10-04,920760,0,Miami, Florida
LLY,Lilly (Eli) & Co.,Health Care,Pharmaceuticals,1970-12-31,59478,1876,Indianapolis, Indiana
LNC,Lincoln National,Financials,Multi-line Insurance,1976-06-30,59558,0,Radnor, Pennsylvania
LIN,Linde plc,Materials,Industrial Gases,1992-07-01,1707925,0,Guildford," Surrey, United Kingdom"
LKQ,LKQ Corporation,Consumer Discretionary,Distributors,2016-05-23,1065696,0,Chicago, Illinois
LMT,Lockheed Martin Corp.,Industrials,Aerospace & Defense,1984-07-31,936468,0,Bethesda, Maryland
L,Loews Corp.,Financials,Multi-line Insurance,0,60086,0,New York, New York
LOW,Lowe's Cos.,Consumer Discretionary,Home Improvement Retail,1984-02-29,60667,1904/1946/1959,Mooresville, North Carolina
LYB,LyondellBasell,Materials,Specialty Chemicals,2012-09-05,1489393,0,Rotterdam, Netherlands
MTB,M&T Bank Corp.,Financials,Regional Banks,0,36270,1856,Buffalo, New York
MAC,Macerich,Real Estate,Retail REITs,2013-05-09,912242,0,Santa Monica, California
M,Macy's Inc.,Consumer Discretionary,Department Stores,0,794367,1929,Cincinnati, Ohio
MRO,Marathon Oil Corp.,Energy,Oil & Gas Exploration & Production,1991-05-01,101778,0,Houston, Texas
MPC,Marathon Petroleum,Energy,Oil & Gas Refining & Marketing,2011-07-01,1510295,0,Findlay, Ohio
MKTX,MarketAxess,Financials,Financial Exchanges & Data,2019-07-01,1278021,0,New York, New York
MAR,Marriott Int'l.,Consumer Discretionary,"Hotels, Resorts & Cruise Lines",0,1048286,1927,Bethesda, Maryland
MMC,Marsh & McLennan,Financials,Insurance Brokers,1987-08-31,62709,0,New York, New York
MLM,Martin Marietta Materials,Materials,Construction Materials,2014-07-02,916076,0,Raleigh, North Carolina
MAS,Masco Corp.,Industrials,Building Products,1981-06-30,62996,0,Taylor, Michigan
MA,Mastercard Inc.,Information Technology,Data Processing & Outsourced Services,2008-07-18,1141391,0,Harrison, New York
MKC,McCormick & Co.,Consumer Staples,Packaged Foods & Meats,0,63754,1889,Sparks, Maryland
MXIM,Maxim Integrated Products Inc,Information Technology,Semiconductors,2018-12-03,743316,1983,San Jose, California
MCD,McDonald's Corp.,Consumer Discretionary,Restaurants,1970-06-30,63908,1940,Chicago, Illinois
MCK,McKesson Corp.,Health Care,Health Care Distributors,0,927653,1833,San Francisco, California
MDT,Medtronic plc,Health Care,Health Care Equipment,1986-10-31,1613103,0,Dublin, Ireland
MRK,Merck & Co.,Health Care,Pharmaceuticals,0,310158,1891,Whitehouse Station, New Jersey
MET,MetLife Inc.,Financials,Life & Health Insurance,0,1099219,1868,New York, New York
MTD,Mettler Toledo,Health Care,Life Sciences Tools & Services,2016-09-06,1037646,0,Columbus, Ohio
MGM,MGM Resorts International,Consumer Discretionary,Casinos & Gaming,2017-07-26,789570,0,Paradise, Nevada
MCHP,Microchip Technology,Information Technology,Semiconductors,2007-09-07,827054,0,Chandler, Arizona
MU,Micron Technology,Information Technology,Semiconductors,1994-09-27,723125,0,Boise, Idaho
MSFT,Microsoft Corp.,Information Technology,Systems Software,1994-06-01,789019,1975,Redmond, Washington
MAA,Mid-America Apartments,Real Estate,Residential REITs,2016-12-02,912595,0,Memphis, Tennessee
MHK,Mohawk Industries,Consumer Discretionary,Home Furnishings,2013-12-23,851968,0,Amsterdam, New York
TAP,Molson Coors Brewing Company,Consumer Staples,Brewers,1976-06-30,24545,0,Denver, Colorado
MDLZ,Mondelez International,Consumer Staples,Packaged Foods & Meats,2012-10-02,1103982,0,Deerfield, Illinois
MNST,Monster Beverage,Consumer Staples,Soft Drinks,2012-06-28,865752,0,Corona, California
MCO,Moody's Corp,Financials,Financial Exchanges & Data,0,1059556,1909,New York, New York
MS,Morgan Stanley,Financials,Investment Banking & Brokerage,0,895421,1935,New York, New York
MOS,The Mosaic Company,Materials,Fertilizers & Agricultural Chemicals,2011-09-26,1285785,0,Plymouth, Minnesota
MSI,Motorola Solutions Inc.,Information Technology,Communications Equipment,0,68505,1928 (2011),Schaumburg, Illinois
MSCI,MSCI Inc,Financials,Financial Exchanges & Data,2018-04-04,1408198,0,New York, New York
MYL,Mylan N.V.,Health Care,Pharmaceuticals,2004-04-23,1623613,0,Amsterdam, Netherlands
NDAQ,"Nasdaq, Inc.",Financials,Financial Exchanges & Data,2008-10-22,1120193,0,New York, New York
NOV,National Oilwell Varco Inc.,Energy,Oil & Gas Equipment & Services,2005-03-14,1021860,0,Houston, Texas
NKTR,Nektar Therapeutics,Health Care,Pharmaceuticals,2018-03-19,906709,0,San Francisco, California
NTAP,NetApp,Information Technology,"Technology Hardware, Storage & Peripherals",1999-06-25,1002047,0,Sunnyvale, California
NFLX,Netflix Inc.,Communication Services,Movies & Entertainment,2010-12-20,1065280,1997,Los Gatos, California
NWL,Newell Brands,Consumer Discretionary,Housewares & Specialties,1989-04-30,814453,0,Hoboken, New Jersey
NEM,Newmont Goldcorp,Materials,Gold,1969-06-30,1164727,1921,Denver, Colorado
NWSA,News Corp. Class A,Communication Services,Publishing,2013-08-01,1564708,0,New York, New York
NWS,News Corp. Class B,Communication Services,Publishing,2015-09-18,1564708,0,New York, New York
NEE,NextEra Energy,Utilities,Multi-Utilities,1976-06-30,753308,0,Juno Beach, Florida
NLSN,Nielsen Holdings,Industrials,Research & Consulting Services,2013-07-09,1492633,0,New York, New York
NKE,Nike,Consumer Discretionary,"Apparel, Accessories & Luxury Goods",1988-11-30,320187,0,Washington County, Oregon
NI,NiSource Inc.,Utilities,Multi-Utilities,0,1111711,1912,Merrillville, Indiana
NBL,Noble Energy Inc,Energy,Oil & Gas Exploration & Production,2007-10-08,72207,0,Houston, Texas
JWN,Nordstrom,Consumer Discretionary,Department Stores,1986-08-31,72333,0,Seattle, Washington
NSC,Norfolk Southern Corp.,Industrials,Railroads,0,702165,1881/1894 (1980),Norfolk, Virginia
NTRS,Northern Trust Corp.,Financials,Asset Management & Custody Banks,0,73124,1889,Chicago, Illinois
NOC,Northrop Grumman,Industrials,Aerospace & Defense,1985-06-30,1133421,0,West Falls Church, Virginia
NCLH,Norwegian Cruise Line Holdings,Consumer Discretionary,"Hotels, Resorts & Cruise Lines",2017-10-13,1513761,0,Miami, Florida
NRG,NRG Energy,Utilities,Independent Power Producers & Energy Traders,2010-01-29,1013871,0,Princeton, New Jersey
NUE,Nucor Corp.,Materials,Steel,1985-04-30,73309,0,Charlotte, North Carolina
NVDA,Nvidia Corporation,Information Technology,Semiconductors,2001-11-30,1045810,0,Santa Clara, California
ORLY,O'Reilly Automotive,Consumer Discretionary,Specialty Stores,2009-03-27,898173,0,Springfield, Missouri
OXY,Occidental Petroleum,Energy,Oil & Gas Exploration & Production,1982-12-31,797468,0,Houston, Texas
OMC,Omnicom Group,Communication Services,Advertising,0,29989,1986,New York, New York
OKE,ONEOK,Energy,Oil & Gas Storage & Transportation,2010-03-15,1039684,0,Tulsa, Oklahoma
ORCL,Oracle Corp.,Information Technology,Application Software,1989-08-31,1341439,0,Redwood Shores, California
PCAR,PACCAR Inc.,Industrials,Construction Machinery & Heavy Trucks,1980-12-31,75362,0,Bellevue, Washington
PKG,Packaging Corporation of America,Materials,Paper Packaging,2017-07-26,75677,0,Lake Forest, Illinois
PH,Parker-Hannifin,Industrials,Industrial Machinery,1985-11-30,76334,0,Cleveland, Ohio
PAYX,Paychex Inc.,Information Technology,Data Processing & Outsourced Services,0,723531,1971,Penfield, New York
PYPL,PayPal,Information Technology,Data Processing & Outsourced Services,2015-07-20,1633917,0,San Jose, California
PNR,Pentair plc,Industrials,Industrial Machinery,2012-10-01,77360,0,Worsley, UK
PBCT,People's United Financial,Financials,Thrifts & Mortgage Finance,2008-11-13,1378946,0,Bridgeport, Connecticut
PEP,PepsiCo Inc.,Consumer Staples,Soft Drinks,0,77476,1898,Purchase, New York
PKI,PerkinElmer,Health Care,Health Care Equipment,1985-05-31,31791,0,Waltham, Massachusetts
PRGO,Perrigo,Health Care,Pharmaceuticals,2011-12-19,1585364,0,Dublin, Ireland
PFE,Pfizer Inc.,Health Care,Pharmaceuticals,0,78003,1849,New York, New York
PM,Philip Morris International,Consumer Staples,Tobacco,2008-03-31,1413329,0,New York, New York
PSX,Phillips 66,Energy,Oil & Gas Refining & Marketing,2012-05-01,1534701,0,Houston, Texas
PNW,Pinnacle West Capital,Utilities,Multi-Utilities,0,764622,1985,Phoenix, Arizona
PXD,Pioneer Natural Resources,Energy,Oil & Gas Exploration & Production,2008-09-24,1038357,0,Irving, Texas
PNC,PNC Financial Services,Financials,Regional Banks,1988-04-30,713676,0,Pittsburgh, Pennsylvania
PPG,PPG Industries,Materials,Specialty Chemicals,0,79879,1883,Pittsburgh, Pennsylvania
PPL,PPL Corp.,Utilities,Electric Utilities,0,922224,0,Allentown, Pennsylvania
PFG,Principal Financial Group,Financials,Life & Health Insurance,2002-07-22,1126328,0,Des Moines, Iowa
PG,Procter & Gamble,Consumer Staples,Personal Products,0,80424,1837,Cincinnati, Ohio
PGR,Progressive Corp.,Financials,Property & Casualty Insurance,1997-08-04,80661,0,Mayfield Village, Ohio
PLD,Prologis,Real Estate,Industrial REITs,2003-07-17,1045609,0,San Francisco, California
PRU,Prudential Financial,Financials,Life & Health Insurance,2002-07-22,1137774,0,Newark, New Jersey
PEG,Public Serv. Enterprise Inc.,Utilities,Electric Utilities,0,788784,0,Newark, New Jersey
PSA,Public Storage,Real Estate,Specialized REITs,2005-08-19,1393311,0,Glendale, California
PHM,Pulte Homes Inc.,Consumer Discretionary,Homebuilding,1984-04-30,822416,0,Atlanta, Georgia
PVH,PVH Corp.,Consumer Discretionary,"Apparel, Accessories & Luxury Goods",2013-02-15,78239,0,New York, New York
QRVO,Qorvo,Information Technology,Semiconductors,2015-06-11,1604778,0,Greensboro, North Carolina
PWR,Quanta Services Inc.,Industrials,Construction & Engineering,2009-07-01,1050915,0,Houston, Texas
QCOM,QUALCOMM Inc.,Information Technology,Semiconductors,0,804328,1985,San Diego, California
DGX,Quest Diagnostics,Health Care,Health Care Services,2002-12-12,1022079,0,Madison, New Jersey
RL,Ralph Lauren Corporation,Consumer Discretionary,"Apparel, Accessories & Luxury Goods",2007-02-02,1037038,0,New York, New York
RJF,Raymond James Financial Inc.,Financials,Investment Banking & Brokerage,2017-03-20,720005,0,St. Petersburg, Florida
RTN,Raytheon Co.,Industrials,Aerospace & Defense,0,1047122,1922,Waltham, Massachusetts
O,Realty Income Corporation,Real Estate,Retail REITs,2015-04-07,726728,0,San Diego, California
REG,Regency Centers Corporation,Real Estate,Retail REITs,2017-03-02,910606,0,Jacksonville, Florida
REGN,Regeneron Pharmaceuticals,Health Care,Biotechnology,2013-05-01,872589,0,Tarrytown, New York
RF,Regions Financial Corp.,Financials,Regional Banks,1998-08-28,1281761,0,Birmingham, Alabama
RSG,Republic Services Inc,Industrials,Environmental & Facilities Services,2008-12-05,1060391,0,Phoenix, Arizona
RMD,ResMed,Health Care,Health Care Equipment,2017-07-26,943819,0,San Diego, California
RHI,Robert Half International,Industrials,Human Resource & Employment Services,2000-12-05,315213,0,Menlo Park, California
ROK,Rockwell Automation Inc.,Industrials,Electrical Components & Equipment,0,1024478,0,Milwaukee, Wisconsin
ROL,Rollins Inc.,Industrials,Environmental & Facilities Services,2018-10-01,84839,0,Atlanta, Georgia
ROP,Roper Technologies,Industrials,Industrial Conglomerates,2009-12-23,882835,0,Sarasota, Florida
ROST,Ross Stores,Consumer Discretionary,Apparel Retail,2009-12-21,745732,0,Pleasanton, California
RCL,Royal Caribbean Cruises Ltd,Consumer Discretionary,"Hotels, Resorts & Cruise Lines",2014-12-05,884887,0,Miami, Florida
CRM,Salesforce.com,Information Technology,Application Software,2008-09-15,1108524,0,San Francisco, California
SBAC,SBA Communications,Real Estate,Specialized REITs,2017-09-01,1034054,0,Boca Raton, Florida
SLB,Schlumberger Ltd.,Energy,Oil & Gas Equipment & Services,1965-03-31,87347,1926,Curaçao, Kingdom of the Netherlands
STX,Seagate Technology,Information Technology,"Technology Hardware, Storage & Peripherals",2012-07-02,1137789,0,Dublin, Ireland
SEE,Sealed Air,Materials,Paper Packaging,0,1012100,0,Elmwood Park, New Jersey
SRE,Sempra Energy,Utilities,Multi-Utilities,0,1032208,0,San Diego, California
SHW,Sherwin-Williams,Materials,Specialty Chemicals,1964-06-30,89800,1866,Cleveland, Ohio
SPG,Simon Property Group Inc,Real Estate,Retail REITs,2002-06-26,1063761,0,Indianapolis, Indiana
SWKS,Skyworks Solutions,Information Technology,Semiconductors,2015-03-12,4127,0,Woburn, Massachusetts
SLG,SL Green Realty,Real Estate,Office REITs,2015-03-20,1040971,0,New York, New York
SNA,Snap-on,Industrials,Industrial Machinery,1982-09-30,91440,1920,Kenosha, Wisconsin
SO,Southern Co.,Utilities,Electric Utilities,0,92122,0,Atlanta, Georgia
LUV,Southwest Airlines,Industrials,Airlines,1994-07-01,92380,0,Dallas, Texas
SPGI,"S&P Global, Inc.",Financials,Financial Exchanges & Data,0,64040,0,New York, New York
SWK,Stanley Black & Decker,Industrials,Industrial Machinery,1982-09-30,93556,0,New Britain, Connecticut
SBUX,Starbucks Corp.,Consumer Discretionary,Restaurants,0,829224,1971,Seattle, Washington
STT,State Street Corp.,Financials,Asset Management & Custody Banks,0,93751,0,Boston, Massachusetts
SYK,Stryker Corp.,Health Care,Health Care Equipment,2000-12-12,310764,0,Kalamazoo, Michigan
STI,SunTrust Banks,Financials,Regional Banks,1988-05-31,750556,0,Atlanta, Georgia
SIVB,SVB Financial,Financials,Regional Banks,2018-03-19,719739,0,Santa Clara, California
SYMC,Symantec Corp.,Information Technology,Application Software,2003-03-25,849399,0,Mountain View, California
SYF,Synchrony Financial,Financials,Consumer Finance,2015-11-18,1601712,0,Stamford, Connecticut
SNPS,Synopsys Inc.,Information Technology,Application Software,2017-03-16,883241,0,Mountain View, California
SYY,Sysco Corp.,Consumer Staples,Food Distributors,1986-12-31,96021,0,Houston, Texas
TMUS,T-Mobile US,Communication Services,Wireless Telecommunication Services,2019-07-15,1283699,0,Bellevue, Washington
TROW,T. Rowe Price Group,Financials,Asset Management & Custody Banks,0,1113169,1937,Baltimore, Maryland
TTWO,Take-Two Interactive,Communication Services,Interactive Home Entertainment,2018-03-19,946581,0,New York, New York
TPR,"Tapestry, Inc.",Consumer Discretionary,"Apparel, Accessories & Luxury Goods",0,1116132,2017,New York, New York
TGT,Target Corp.,Consumer Discretionary,General Merchandise Stores,1976-12-31,27419,0,Minneapolis, Minnesota
TEL,TE Connectivity Ltd.,Information Technology,Electronic Manufacturing Services,2011-10-17,1385157,0,Schaffhausen, Switzerland
FTI,TechnipFMC,Energy,Oil & Gas Equipment & Services,2009-06-05,1681459,0,London, United Kingdom
TFX,Teleflex,Health Care,Health Care Equipment,2019-01-18,96943,1943,Wayne, Pennsylvania
TXN,Texas Instruments,Information Technology,Semiconductors,0,97476,1930,Dallas, Texas
TXT,Textron Inc.,Industrials,Aerospace & Defense,1978-12-31,217346,0,Providence, Rhode Island
TMO,Thermo Fisher Scientific,Health Care,Health Care Equipment,0,97745,2006,Waltham, Massachusetts
TIF,Tiffany & Co.,Consumer Discretionary,"Apparel, Accessories & Luxury Goods",2000-06-21,98246,0,New York, New York
TWTR,"Twitter, Inc.",Communication Services,Interactive Media & Services,2018-06-07,1418091,0,San Francisco, California
TJX,TJX Companies Inc.,Consumer Discretionary,Apparel Retail,1985-09-30,109198,0,Framingham, Massachusetts
TSS,Total System Services,Information Technology,Data Processing & Outsourced Services,2008-01-02,721683,0,Columbus, Georgia
TSCO,Tractor Supply Company,Consumer Discretionary,Specialty Stores,2014-01-24,916365,0,Brentwood, Tennessee
TDG,TransDigm Group,Industrials,Aerospace & Defense,2016-06-03,1260221,0,Cleveland, Ohio
TRV,The Travelers Companies Inc.,Financials,Property & Casualty Insurance,2002-08-21,86312,0,New York, New York
TRIP,TripAdvisor,Communication Services,Interactive Media & Services,2011-12-21,1526520,0,Newton, Massachusetts
TSN,Tyson Foods,Consumer Staples,Packaged Foods & Meats,0,100493,0,Springdale, Arkansas
UDR,"UDR, Inc.",Real Estate,Residential REITs,2016-03-07,74208,0,Highlands Ranch, Colorado
ULTA,Ulta Beauty,Consumer Discretionary,Specialty Stores,2016-04-18,1403568,0,Bolingbrook, Illinois
USB,U.S. Bancorp,Financials,Diversified Banks,0,36104,1968,Minneapolis, Minnesota
UAA,Under Armour Class A,Consumer Discretionary,"Apparel, Accessories & Luxury Goods",2016-03-25,1336917,0,Baltimore, Maryland
UA,Under Armour Class C,Consumer Discretionary,"Apparel, Accessories & Luxury Goods",2014-05-01,1336917,0,Baltimore, Maryland
UNP,Union Pacific Corp,Industrials,Railroads,0,100885,0,Omaha, Nebraska
UAL,United Airlines Holdings,Industrials,Airlines,2015-09-03,100517,0,Chicago, Illinois
UNH,United Health Group Inc.,Health Care,Managed Health Care,1994-07-01,731766,0,Minnetonka, Minnesota
UPS,United Parcel Service,Industrials,Air Freight & Logistics,2002-07-22,1090727,0,Atlanta, Georgia
URI,"United Rentals, Inc.",Industrials,Trading Companies & Distributors,2014-09-20,1067701,0,Stamford, Connecticut
UTX,United Technologies,Industrials,Aerospace & Defense,0,101829,0,Hartford, Connecticut
UHS,"Universal Health Services, Inc.",Health Care,Health Care Facilities,2014-09-20,352915,0,King of Prussia, Pennsylvania
UNM,Unum Group,Financials,Life & Health Insurance,1994-03-01,5513,0,Chattanooga, Tennessee
VFC,V.F. Corp.,Consumer Discretionary,"Apparel, Accessories & Luxury Goods",1979-06-30,103379,0,Greensboro, North Carolina
VLO,Valero Energy,Energy,Oil & Gas Refining & Marketing,0,1035002,1980,San Antonio, Texas
VAR,Varian Medical Systems,Health Care,Health Care Equipment,2007-02-12,203527,0,Palo Alto, California
VTR,Ventas Inc,Real Estate,Health Care REITs,2009-03-04,740260,0,Chicago, Illinois
VRSN,Verisign Inc.,Information Technology,Internet Services & Infrastructure,2006-02-01,1014473,0,Dulles, Virginia
VRSK,Verisk Analytics,Industrials,Research & Consulting Services,2015-10-08,1442145,0,Jersey City, New Jersey
VZ,Verizon Communications,Communication Services,Integrated Telecommunication Services,1983-11-30,732712,0,New York, New York
VRTX,Vertex Pharmaceuticals Inc,Health Care,Biotechnology,2013-09-23,875320,0,Cambridge, Massachusetts
VIAB,Viacom Inc.,Communication Services,Movies & Entertainment,0,1339947,0,New York, New York
V,Visa Inc.,Information Technology,Data Processing & Outsourced Services,2009-12-21,1403161,0,San Francisco, California
VNO,Vornado Realty Trust,Real Estate,Office REITs,0,899689,0,New York, New York
VMC,Vulcan Materials,Materials,Construction Materials,1999-06-30,1396009,0,Birmingham, Alabama
WAB,Wabtec Corporation,Industrials,Construction Machinery & Heavy Trucks,2019-02-27,943452,0,Wilmerding, Pennsylvania
WMT,Walmart,Consumer Staples,Hypermarkets & Super Centers,1982-08-31,104169,0,Bentonville, Arkansas
WBA,Walgreens Boots Alliance,Consumer Staples,Drug Retail,1979-12-31,1618921,0,Deerfield, Illinois
DIS,The Walt Disney Company,Communication Services,Movies & Entertainment,1976-06-30,1001039,0,Burbank, California
WM,Waste Management Inc.,Industrials,Environmental & Facilities Services,0,823768,1968,Houston, Texas
WAT,Waters Corporation,Health Care,Health Care Distributors,0,1000697,1958,Milford, Massachusetts
WEC,Wec Energy Group Inc,Utilities,Electric Utilities,2008-10-31,783325,0,Milwaukee, Wisconsin
WCG,WellCare,Health Care,Managed Health Care,1985,1279363,0,Tampa, Florida
WFC,Wells Fargo,Financials,Diversified Banks,1976-06-30,72971,0,San Francisco, California
WELL,Welltower Inc.,Real Estate,Health Care REITs,2009-01-30,766704,0,Toledo, Ohio
WDC,Western Digital,Information Technology,"Technology Hardware, Storage & Peripherals",2009-07-01,106040,0,Irvine, California
WU,Western Union Co,Information Technology,Data Processing & Outsourced Services,0,1365135,1851,Englewood, Colorado
WRK,WestRock,Materials,Paper Packaging,0,1636023,0,Richmond, Virginia
WY,Weyerhaeuser,Real Estate,Specialized REITs,0,106535,0,Federal Way, Washington
WHR,Whirlpool Corp.,Consumer Discretionary,Household Appliances,0,106640,1911,Benton Harbor, Michigan
WMB,Williams Cos.,Energy,Oil & Gas Storage & Transportation,1975-03-31,107263,0,Tulsa, Oklahoma
WLTW,Willis Towers Watson,Financials,Insurance Brokers,2016-01-05,1140536,0,London, United Kingdom
WYNN,Wynn Resorts Ltd,Consumer Discretionary,Casinos & Gaming,2008-11-14,1174922,0,Paradise, Nevada
XEL,Xcel Energy Inc,Utilities,Multi-Utilities,0,72903,1909,Minneapolis, Minnesota
XRX,Xerox,Information Technology,"Technology Hardware, Storage & Peripherals",0,108772,1906,Norwalk, Connecticut
XLNX,Xilinx,Information Technology,Semiconductors,1999-11-08,743988,0,San Jose, California
XYL,Xylem Inc.,Industrials,Industrial Machinery,2011-11-01,1524472,0,White Plains, New York
YUM,Yum! Brands Inc,Consumer Discretionary,Restaurants,1997-10-06,1041061,0,Louisville, Kentucky
ZBH,Zimmer Biomet Holdings,Health Care,Health Care Equipment,2001-08-07,1136869,0,Warsaw, Indiana
ZION,Zions Bancorp,Financials,Regional Banks,2001-06-22,109380,0,Salt Lake City, Utah
ZTS,Zoetis,Health Care,Pharmaceuticals,2013-06-21,1555280,0,Florham Park, New Jersey
